Industry,Period,Employment (thousands),Unemployment (thousands),Unemployment compared to pre-pandemic levels (%),Unemployment Rate (%),Job Openings (thousands),Job Openings compared to pre-pandemic levels (%),Labor Shortage or Surplus (thousands),Available Worker Ratio,Quits (thousands),Quit Rate (%),Hires (thousands),Hire Rate (%)
A. Mining and Logging,1/1/2020,689,16,,1.9,15,,1,1.07,12,1.7,21,3.0
B. Construction,1/1/2020,7580,515,,5.4,257,,258,2.00,170,2.3,447,5.9
C. Durable Goods Manufacturing,1/1/2020,8003,317,,3.2,223,,94,1.42,112,1.4,199,2.5
D. Nondurable Goods Manufacturing,1/1/2020,4782,214,,3.7,157,,57,1.36,90,1.9,140,2.9
E. Wholesale and Retail Trade,1/1/2020,21413,945,,4.7,899,,46,1.05,563,2.6,902,4.0
F. Transportation and Utilities,1/1/2020,6362,220,,3.0,290,,-70,0.76,151,2.4,269,4.3
G. Information,1/1/2020,2897,61,,2.3,141,,-80,0.43,42,1.4,95,3.3
H. Financial Activities,1/1/2020,8838,259,,2.5,314,,-55,0.82,132,1.5,220,2.5
I. Professional and Business Services,1/1/2020,21434,724,,4.1,1237,,-513,0.59,638,3.0,1147,5.4
J. Education and Health Services,1/1/2020,24515,601,,2.4,1241,,-640,0.48,490,2.0,725,3.0
K. Leisure and Hospitality,1/1/2020,16814,833,,5.9,926,,-93,0.90,751,4.5,1190,7.1
L. Other Services,1/1/2020,5931,250,,3.7,251,,-1,1.00,140,2.4,235,4.0
M. Government Workers,1/1/2020,22787,467,,2.1,748,,-281,0.62,197,0.9,362,1.6
A. Mining and Logging,2/1/2020,684,42,,5.0,19,,23,2.21,14,2.0,17,2.5
B. Construction,2/1/2020,7615,531,,5.5,301,,230,1.76,166,2.2,419,5.5
C. Durable Goods Manufacturing,2/1/2020,8001,359,,3.6,250,,109,1.44,108,1.3,181,2.3
D. Nondurable Goods Manufacturing,2/1/2020,4779,254,,4.3,158,,96,1.61,82,1.7,137,2.9
E. Wholesale and Retail Trade,2/1/2020,21402,821,,4.2,949,,-128,0.87,684,3.1,939,4.2
F. Transportation and Utilities,2/1/2020,6327,256,,3.5,308,,-52,0.83,146,2.3,281,4.4
G. Information,2/1/2020,2907,68,,2.6,129,,-61,0.53,42,1.4,82,2.8
H. Financial Activities,2/1/2020,8873,171,,1.7,417,,-246,0.41,132,1.5,218,2.5
I. Professional and Business Services,2/1/2020,21437,794,,4.4,1303,,-509,0.61,675,3.1,1167,5.4
J. Education and Health Services,2/1/2020,24577,608,,2.4,1339,,-731,0.45,492,2.0,783,3.2
K. Leisure and Hospitality,2/1/2020,16899,799,,5.7,909,,-110,0.88,745,4.4,1120,6.7
L. Other Services,2/1/2020,5941,187,,2.8,266,,-79,0.70,97,1.6,225,3.8
M. Government Workers,2/1/2020,22867,348,,1.6,823,,-475,0.42,186,0.8,400,1.8
A. Mining and Logging,3/1/2020,676,52,23.8,6.2,21,10.5,31,2.48,14,2.0,21,3.0
B. Construction,3/1/2020,7546,658,23.9,6.9,300,-0.3,358,2.19,155,2.0,382,5.0
C. Durable Goods Manufacturing,3/1/2020,7967,336,-6.4,3.5,245,-2.0,91,1.37,111,1.4,217,2.7
D. Nondurable Goods Manufacturing,3/1/2020,4754,300,18.1,5.3,148,-6.3,152,2.03,79,1.6,140,2.9
E. Wholesale and Retail Trade,3/1/2020,21301,962,17.2,5.0,924,-2.6,38,1.04,628,2.9,987,4.4
F. Transportation and Utilities,3/1/2020,6347,380,48.4,5.1,290,-5.8,90,1.31,153,2.4,272,4.3
G. Information,3/1/2020,2899,47,-30.9,1.8,140,8.5,-93,0.34,45,1.5,97,3.3
H. Financial Activities,3/1/2020,8853,230,34.5,2.2,425,1.9,-195,0.54,124,1.4,248,2.8
I. Professional and Business Services,3/1/2020,21357,838,5.5,4.7,1290,-1.0,-452,0.65,638,3.0,1115,5.2
J. Education and Health Services,3/1/2020,24355,771,26.8,3.1,1251,-6.6,-480,0.62,504,2.1,769,3.1
K. Leisure and Hospitality,3/1/2020,16164,1131,41.6,8.1,945,4.0,186,1.20,701,4.1,1103,6.5
L. Other Services,3/1/2020,5848,262,40.1,3.9,217,-18.4,45,1.21,121,2.0,239,4.0
M. Government Workers,3/1/2020,22832,486,39.7,2.2,778,-5.5,-292,0.62,190,0.8,406,1.8
A. Mining and Logging,4/1/2020,618,77,83.3,10.2,11,-42.1,66,7.00,9,1.3,18,2.7
B. Construction,4/1/2020,6528,1531,188.3,16.6,214,-28.9,1317,7.15,126,1.7,376,5.0
C. Durable Goods Manufacturing,4/1/2020,7067,1416,294.4,15.1,182,-27.2,1234,7.78,75,0.9,170,2.1
D. Nondurable Goods Manufacturing,4/1/2020,4352,576,126.8,10.2,136,-13.9,440,4.24,74,1.6,138,2.9
E. Wholesale and Retail Trade,4/1/2020,18726,3223,292.6,17.1,752,-20.8,2471,4.29,503,2.6,902,4.6
F. Transportation and Utilities,4/1/2020,5827,988,285.9,13.6,344,11.7,644,2.87,126,2.0,277,4.4
G. Information,4/1/2020,2641,279,310.3,11.0,119,-7.8,160,2.34,40,1.4,71,2.4
H. Financial Activities,4/1/2020,8589,545,218.7,5.4,361,-13.4,184,1.51,112,1.3,242,2.7
I. Professional and Business Services,4/1/2020,19180,1697,113.7,9.8,1089,-16.4,608,1.56,616,2.9,1115,5.2
J. Education and Health Services,4/1/2020,21751,2555,320.2,10.9,1190,-11.1,1365,2.15,455,1.9,673,2.8
K. Leisure and Hospitality,4/1/2020,8715,4857,507.9,39.3,649,-28.6,4208,7.48,523,3.2,666,4.1
L. Other Services,4/1/2020,4512,1421,659.9,23.0,173,-35.0,1248,8.21,53,0.9,156,2.7
M. Government Workers,4/1/2020,21915,2018,479.9,9.3,704,-14.5,1314,2.87,219,1.0,393,1.7
A. Mining and Logging,5/1/2020,594,64,52.4,8.4,9,-52.6,55,7.11,6,1.0,14,2.2
B. Construction,5/1/2020,7010,1187,123.5,12.7,207,-31.2,980,5.73,95,1.4,224,3.4
C. Durable Goods Manufacturing,5/1/2020,7204,1243,246.2,13.1,170,-32.0,1073,7.31,40,0.6,205,2.9
D. Nondurable Goods Manufacturing,5/1/2020,4448,539,112.2,9.3,135,-14.6,404,3.99,57,1.3,151,3.5
E. Wholesale and Retail Trade,5/1/2020,19133,2895,252.6,15.1,578,-39.1,2317,5.01,328,1.7,849,4.2
F. Transportation and Utilities,5/1/2020,5846,1018,297.7,14.2,269,-12.7,749,3.78,89,1.5,243,4.2
G. Information,5/1/2020,2607,259,280.9,10.9,118,-8.5,141,2.19,34,1.3,41,1.5
H. Financial Activities,5/1/2020,8607,559,226.9,5.7,260,-37.6,299,2.15,62,0.7,144,1.7
I. Professional and Business Services,5/1/2020,19361,1578,98.7,9.0,846,-35.1,732,1.87,365,1.9,847,4.4
J. Education and Health Services,5/1/2020,22159,2458,304.3,10.1,957,-28.5,1501,2.57,382,1.8,519,2.4
K. Leisure and Hospitality,5/1/2020,9936,4434,454.9,35.9,335,-63.1,4099,13.24,325,3.7,407,4.7
L. Other Services,5/1/2020,4739,1165,523.0,18.4,111,-58.3,1054,10.50,51,1.1,146,3.2
M. Government Workers,5/1/2020,21395,1603,360.6,7.4,642,-22.0,961,2.50,170,0.8,226,1.0
A. Mining and Logging,6/1/2020,578,145,245.2,17.8,12,-36.8,133,12.08,7,1.1,16,2.7
B. Construction,6/1/2020,7156,962,81.2,10.1,274,-9.0,688,3.51,110,1.6,735,10.5
C. Durable Goods Manufacturing,6/1/2020,7460,872,142.9,9.2,192,-23.2,680,4.54,76,1.1,371,5.2
D. Nondurable Goods Manufacturing,6/1/2020,4522,511,101.2,8.9,131,-17.1,380,3.90,72,1.6,257,5.8
E. Wholesale and Retail Trade,6/1/2020,19993,2135,160.0,11.2,776,-18.2,1359,2.75,397,1.9,1223,5.8
F. Transportation and Utilities,6/1/2020,5974,923,260.5,12.9,277,-10.1,646,3.33,122,2.1,350,6.0
G. Information,6/1/2020,2626,304,347.1,12.0,87,-32.6,217,3.49,27,1.0,69,2.6
H. Financial Activities,6/1/2020,8622,515,201.2,5.1,315,-24.5,200,1.63,95,1.1,212,2.5
I. Professional and Business Services,6/1/2020,19729,1527,92.3,8.6,1008,-22.6,519,1.51,421,2.2,1015,5.2
J. Education and Health Services,6/1/2020,22713,2107,246.5,8.6,998,-25.5,1109,2.11,354,1.6,1148,5.2
K. Leisure and Hospitality,6/1/2020,11764,3792,374.6,28.9,713,-21.6,3079,5.32,349,3.5,1869,18.8
L. Other Services,6/1/2020,5090,925,394.7,14.5,190,-28.6,735,4.87,35,0.7,607,12.8
M. Government Workers,6/1/2020,21428,1610,362.6,7.3,619,-24.8,991,2.60,187,0.9,265,1.2
A. Mining and Logging,7/1/2020,569,110,161.9,15.6,16,-15.8,94,6.88,8,1.4,8,1.5
B. Construction,7/1/2020,7192,870,63.8,8.9,235,-21.9,635,3.70,131,1.8,520,7.3
C. Durable Goods Manufacturing,7/1/2020,7494,796,121.7,8.4,182,-27.2,614,4.37,95,1.3,265,3.6
D. Nondurable Goods Manufacturing,7/1/2020,4525,510,100.8,9.0,162,2.5,348,3.15,85,1.9,207,4.6
E. Wholesale and Retail Trade,7/1/2020,20202,1924,134.3,9.7,794,-16.3,1130,2.42,503,2.4,1120,5.3
F. Transportation and Utilities,7/1/2020,6031,1067,316.8,13.8,323,4.9,744,3.30,119,2.0,347,5.8
G. Information,7/1/2020,2618,311,357.4,12.3,104,-19.4,207,2.99,30,1.1,56,2.1
H. Financial Activities,7/1/2020,8623,463,170.8,4.7,336,-19.4,127,1.38,92,1.1,209,2.4
I. Professional and Business Services,7/1/2020,19910,1340,68.8,7.6,1077,-17.3,263,1.24,402,2.0,1188,6.0
J. Education and Health Services,7/1/2020,22904,1920,215.8,8.0,1123,-16.1,797,1.71,423,1.9,903,4.0
K. Leisure and Hospitality,7/1/2020,12402,3456,332.5,25.0,887,-2.4,2569,3.90,435,3.7,2006,17.1
L. Other Services,7/1/2020,5233,691,269.5,10.6,251,-5.6,440,2.75,86,1.7,385,7.6
M. Government Workers,7/1/2020,21537,1792,414.9,8.4,667,-19.0,1125,2.69,181,0.8,248,1.2
A. Mining and Logging,8/1/2020,561,93,121.4,12.4,9,-52.6,84,10.33,8,1.5,18,3.1
B. Construction,8/1/2020,7224,762,43.5,7.6,294,-2.3,468,2.59,139,1.9,391,5.4
C. Durable Goods Manufacturing,8/1/2020,7487,610,69.9,6.5,217,-13.2,393,2.81,111,1.5,191,2.6
D. Nondurable Goods Manufacturing,8/1/2020,4560,393,54.7,7.0,179,13.3,214,2.20,80,1.8,159,3.5
E. Wholesale and Retail Trade,8/1/2020,20491,1612,96.3,8.3,931,-1.9,681,1.73,600,2.8,943,4.4
F. Transportation and Utilities,8/1/2020,6133,847,230.9,11.3,311,1.0,536,2.72,145,2.4,391,6.5
G. Information,8/1/2020,2641,210,208.8,8.6,84,-34.9,126,2.50,35,1.3,86,3.3
H. Financial Activities,8/1/2020,8646,430,151.5,4.2,290,-30.5,140,1.48,96,1.1,255,3.0
I. Professional and Business Services,8/1/2020,20089,1286,62.0,7.2,1156,-11.3,130,1.11,521,2.6,1130,5.7
J. Education and Health Services,8/1/2020,23098,1530,151.6,6.3,1169,-12.7,361,1.31,470,2.1,835,3.6
K. Leisure and Hospitality,8/1/2020,12566,2751,244.3,21.3,774,-14.9,1977,3.55,515,4.2,1368,11.0
L. Other Services,8/1/2020,5291,574,207.0,9.1,262,-1.5,312,2.19,111,2.1,206,3.9
M. Government Workers,8/1/2020,21987,1232,254.0,5.7,818,-0.6,414,1.51,203,0.9,332,1.5
A. Mining and Logging,9/1/2020,560,108,157.1,14.9,10,-47.4,98,10.80,7,1.2,13,2.4
B. Construction,9/1/2020,7251,700,31.8,7.1,250,-16.9,450,2.80,101,1.4,383,5.3
C. Durable Goods Manufacturing,9/1/2020,7526,531,47.9,5.7,232,-7.2,299,2.29,121,1.6,224,3.0
D. Nondurable Goods Manufacturing,9/1/2020,4576,404,59.1,7.1,213,34.8,191,1.90,103,2.2,177,3.9
E. Wholesale and Retail Trade,9/1/2020,20567,1545,88.2,7.8,945,-0.4,600,1.63,567,2.7,1004,4.7
F. Transportation and Utilities,9/1/2020,6200,753,194.1,9.8,305,-1.0,448,2.47,143,2.3,261,4.3
G. Information,9/1/2020,2697,202,197.1,8.6,84,-34.9,118,2.40,36,1.4,91,3.4
H. Financial Activities,9/1/2020,8676,442,158.5,4.4,278,-33.3,164,1.59,127,1.5,227,2.6
I. Professional and Business Services,9/1/2020,20237,1161,46.2,6.7,1153,-11.5,8,1.01,547,2.7,1168,5.8
J. Education and Health Services,9/1/2020,23185,1250,105.6,5.1,1223,-8.7,27,1.02,426,1.8,707,3.1
K. Leisure and Hospitality,9/1/2020,13075,2436,204.9,19.0,748,-17.7,1688,3.26,455,3.6,987,7.9
L. Other Services,9/1/2020,5335,566,202.7,9.2,215,-19.2,351,2.63,70,1.3,219,4.1
M. Government Workers,9/1/2020,21935,884,154.0,4.1,713,-13.4,171,1.24,213,1.0,534,2.4
A. Mining and Logging,10/1/2020,556,89,111.9,13.8,14,-26.3,75,6.36,8,1.5,18,3.2
B. Construction,10/1/2020,7300,674,26.9,6.8,231,-23.3,443,2.92,148,2.0,390,5.4
C. Durable Goods Manufacturing,10/1/2020,7529,436,21.4,4.6,254,1.6,182,1.72,128,1.7,222,3.0
D. Nondurable Goods Manufacturing,10/1/2020,4595,351,38.2,6.3,209,32.3,142,1.68,105,2.3,166,3.6
E. Wholesale and Retail Trade,10/1/2020,20677,1333,62.4,6.5,868,-8.5,465,1.54,560,2.6,928,4.3
F. Transportation and Utilities,10/1/2020,6281,588,129.7,7.9,293,-4.9,295,2.01,145,2.3,358,5.8
G. Information,10/1/2020,2695,137,101.5,5.8,111,-14.0,26,1.23,35,1.3,97,3.6
H. Financial Activities,10/1/2020,8696,383,124.0,3.8,305,-26.9,78,1.26,118,1.4,248,2.9
I. Professional and Business Services,10/1/2020,20424,1066,34.3,6.1,1258,-3.5,-192,0.85,634,3.1,1160,5.7
J. Education and Health Services,10/1/2020,23282,1007,65.6,4.2,1217,-9.1,-210,0.83,453,2.0,753,3.2
K. Leisure and Hospitality,10/1/2020,13337,2102,163.1,16.3,796,-12.4,1306,2.64,523,4.0,1048,8.0
L. Other Services,10/1/2020,5357,514,174.9,8.3,233,-12.4,281,2.21,97,1.8,242,4.5
M. Government Workers,10/1/2020,21764,685,96.8,3.2,716,-13.0,-31,0.96,202,0.9,342,1.6
A. Mining and Logging,11/1/2020,555,137,226.2,19.2,16,-15.8,121,8.56,9,1.5,16,2.8
B. Construction,11/1/2020,7318,732,37.9,7.3,240,-20.3,492,3.05,132,1.8,393,5.4
C. Durable Goods Manufacturing,11/1/2020,7555,400,11.4,4.3,290,16.0,110,1.38,132,1.8,230,3.1
D. Nondurable Goods Manufacturing,11/1/2020,4599,308,21.3,5.4,230,45.6,78,1.34,112,2.4,165,3.6
E. Wholesale and Retail Trade,11/1/2020,20733,1252,52.5,6.0,889,-6.3,363,1.41,599,2.8,922,4.3
F. Transportation and Utilities,11/1/2020,6401,591,130.9,8.0,335,8.8,256,1.76,154,2.5,413,6.6
G. Information,11/1/2020,2701,196,188.2,8.2,131,1.6,65,1.50,36,1.3,124,4.6
H. Financial Activities,11/1/2020,8706,343,100.6,3.5,320,-23.3,23,1.07,130,1.5,249,2.9
I. Professional and Business Services,11/1/2020,20559,1027,29.3,5.9,1256,-3.6,-229,0.82,615,3.0,1137,5.6
J. Education and Health Services,11/1/2020,23347,904,48.7,3.7,1357,1.3,-453,0.67,495,2.1,753,3.2
K. Leisure and Hospitality,11/1/2020,13260,1896,137.3,15.0,806,-11.3,1090,2.35,573,4.3,1107,8.3
L. Other Services,11/1/2020,5344,502,168.4,8.1,235,-11.7,267,2.14,98,1.8,234,4.4
M. Government Workers,11/1/2020,21683,722,107.5,3.4,733,-10.9,-11,0.98,223,1.0,347,1.6
A. Mining and Logging,12/1/2020,558,89,111.9,13.1,13,-31.6,76,6.85,10,1.7,17,3.1
B. Construction,12/1/2020,7354,930,75.1,9.6,268,-11.0,662,3.47,153,2.1,380,5.2
C. Durable Goods Manufacturing,12/1/2020,7579,337,-6.1,3.5,236,-5.6,101,1.43,139,1.8,234,3.1
D. Nondurable Goods Manufacturing,12/1/2020,4615,304,19.7,5.5,255,61.4,49,1.19,115,2.5,180,3.9
E. Wholesale and Retail Trade,12/1/2020,20719,1125,37.0,5.5,953,0.4,172,1.18,606,2.8,900,4.2
F. Transportation and Utilities,12/1/2020,6411,627,144.9,8.4,319,3.6,308,1.97,144,2.2,334,5.2
G. Information,12/1/2020,2715,158,132.4,6.4,104,-19.4,54,1.52,40,1.5,85,3.1
H. Financial Activities,12/1/2020,8722,313,83.0,3.1,279,-33.1,34,1.12,127,1.5,207,2.4
I. Professional and Business Services,12/1/2020,20716,1071,34.9,6.1,1337,2.6,-266,0.80,583,2.8,1220,5.9
J. Education and Health Services,12/1/2020,23345,1013,66.6,4.1,1315,-1.8,-302,0.77,431,1.8,739,3.2
K. Leisure and Hospitality,12/1/2020,12796,2042,155.6,16.7,828,-8.9,1214,2.47,612,4.6,1035,7.8
L. Other Services,12/1/2020,5312,453,142.2,7.4,232,-12.8,221,1.95,124,2.3,215,4.0
M. Government Workers,12/1/2020,21676,692,98.9,3.2,718,-12.8,-26,0.96,175,0.8,338,1.6
A. Mining and Logging,1/1/2021,549,93,121.4,14.2,16,-15.8,77,5.81,7,1.3,21,3.8
B. Construction,1/1/2021,7363,938,76.6,9.4,261,-13.3,677,3.59,157,2.1,400,5.4
C. Durable Goods Manufacturing,1/1/2021,7572,396,10.3,4.2,277,10.8,119,1.43,148,2.0,255,3.4
D. Nondurable Goods Manufacturing,1/1/2021,4616,303,19.3,5.6,206,30.4,97,1.47,110,2.4,198,4.3
E. Wholesale and Retail Trade,1/1/2021,20777,1367,66.5,6.9,902,-5.0,465,1.52,647,3.0,929,4.3
F. Transportation and Utilities,1/1/2021,6436,613,139.5,8.2,305,-1.0,308,2.01,166,2.6,245,3.8
G. Information,1/1/2021,2746,186,173.5,7.4,122,-5.4,64,1.52,35,1.3,77,2.9
H. Financial Activities,1/1/2021,8733,350,104.7,3.4,287,-31.2,63,1.22,117,1.3,201,2.3
I. Professional and Business Services,1/1/2021,20871,1146,44.3,6.8,1461,12.1,-315,0.78,586,2.8,1185,5.7
J. Education and Health Services,1/1/2021,23356,1059,74.2,4.3,1240,-7.4,-181,0.85,477,2.0,730,3.1
K. Leisure and Hospitality,1/1/2021,12792,1949,143.9,15.9,783,-13.9,1166,2.49,654,5.1,830,6.5
L. Other Services,1/1/2021,5317,544,190.9,8.8,225,-15.4,319,2.42,102,1.9,173,3.3
M. Government Workers,1/1/2021,21788,641,84.2,3.0,672,-18.3,-31,0.95,174,0.8,328,1.5
A. Mining and Logging,2/1/2021,539,132,214.3,19.3,19,0.0,113,6.95,8,1.4,14,2.5
B. Construction,2/1/2021,7298,921,73.4,9.6,307,2.0,614,3.00,136,1.9,341,4.6
C. Durable Goods Manufacturing,2/1/2021,7592,423,17.8,4.4,289,15.6,134,1.46,148,1.9,202,2.7
D. Nondurable Goods Manufacturing,2/1/2021,4625,301,18.5,5.4,230,45.6,71,1.31,107,2.3,154,3.3
E. Wholesale and Retail Trade,2/1/2021,20819,1368,66.6,6.8,983,3.6,385,1.39,623,2.9,923,4.2
F. Transportation and Utilities,2/1/2021,6475,622,143.0,8.4,368,19.5,254,1.69,157,2.4,315,4.9
G. Information,2/1/2021,2763,155,127.9,6.2,171,32.6,-16,0.91,37,1.3,95,3.5
H. Financial Activities,2/1/2021,8726,387,126.3,3.7,312,-25.2,75,1.24,128,1.5,210,2.4
I. Professional and Business Services,2/1/2021,20937,1152,45.1,6.8,1421,9.1,-269,0.81,606,2.9,1162,5.6
J. Education and Health Services,2/1/2021,23427,899,47.9,3.7,1334,-0.4,-435,0.67,445,1.9,681,2.9
K. Leisure and Hospitality,2/1/2021,13139,1673,109.4,13.5,748,-17.7,925,2.24,650,5.1,899,7.0
L. Other Services,2/1/2021,5326,483,158.3,7.7,231,-13.2,252,2.09,100,1.9,214,4.0
M. Government Workers,2/1/2021,21777,603,73.3,2.8,772,-6.2,-169,0.78,144,0.7,399,1.8
A. Mining and Logging,3/1/2021,554,100,138.1,15.0,17,-10.5,83,5.88,10,1.8,13,2.3
B. Construction,3/1/2021,7406,835,57.3,8.6,274,-9.0,561,3.05,169,2.3,369,5.1
C. Durable Goods Manufacturing,3/1/2021,7628,427,18.9,4.6,311,24.4,116,1.37,144,1.9,219,2.9
D. Nondurable Goods Manufacturing,3/1/2021,4644,353,39.0,6.4,285,80.4,68,1.24,125,2.7,180,3.9
E. Wholesale and Retail Trade,3/1/2021,20866,1330,62.0,6.7,1030,8.5,300,1.29,624,2.9,901,4.1
F. Transportation and Utilities,3/1/2021,6556,630,146.1,8.3,387,25.6,243,1.63,143,2.2,292,4.5
G. Information,3/1/2021,2772,173,154.4,6.6,112,-13.2,61,1.54,42,1.5,99,3.6
H. Financial Activities,3/1/2021,8736,346,102.3,3.4,340,-18.5,6,1.02,122,1.4,199,2.3
I. Professional and Business Services,3/1/2021,21075,1167,47.0,6.7,1482,13.7,-315,0.79,647,3.1,1196,5.7
J. Education and Health Services,3/1/2021,23538,937,54.1,3.8,1611,20.3,-674,0.58,472,2.0,711,3.0
K. Leisure and Hospitality,3/1/2021,13298,1625,103.4,13.0,960,5.6,665,1.69,623,4.7,1110,8.4
L. Other Services,3/1/2021,5340,421,125.1,6.7,310,16.5,111,1.36,122,2.3,230,4.3
M. Government Workers,3/1/2021,21861,592,70.1,2.7,698,-15.2,-106,0.85,192,0.9,312,1.4
A. Mining and Logging,4/1/2021,555,97,131.0,14.3,23,21.1,74,4.22,9,1.6,26,4.7
B. Construction,4/1/2021,7407,768,44.6,7.7,336,11.6,432,2.29,179,2.4,433,5.8
C. Durable Goods Manufacturing,4/1/2021,7593,505,40.7,5.5,409,63.6,96,1.23,152,2.0,255,3.3
D. Nondurable Goods Manufacturing,4/1/2021,4639,357,40.6,6.3,354,124.1,3,1.01,115,2.5,181,3.9
E. Wholesale and Retail Trade,4/1/2021,20840,1222,48.8,6.2,1192,25.6,30,1.03,679,3.2,945,4.3
F. Transportation and Utilities,4/1/2021,6547,530,107.0,6.8,481,56.2,49,1.10,165,2.5,330,5.0
G. Information,4/1/2021,2794,154,126.5,5.9,112,-13.2,42,1.38,55,2.0,103,3.7
H. Financial Activities,4/1/2021,8752,269,57.3,2.7,345,-17.3,-76,0.78,126,1.4,215,2.5
I. Professional and Business Services,4/1/2021,21057,1036,30.5,5.9,1563,20.0,-527,0.66,634,3.0,1195,5.7
J. Education and Health Services,4/1/2021,23575,846,39.1,3.4,1492,11.4,-646,0.57,518,2.2,772,3.3
K. Leisure and Hospitality,4/1/2021,13552,1372,71.7,10.8,1103,21.3,269,1.24,721,5.4,1104,8.3
L. Other Services,4/1/2021,5368,395,111.2,6.2,261,-1.9,134,1.51,123,2.3,221,4.1
M. Government Workers,4/1/2021,21913,492,41.4,2.3,849,3.2,-357,0.58,169,0.8,380,1.7
A. Mining and Logging,5/1/2021,555,64,52.4,9.6,20,5.3,44,3.20,10,1.8,20,3.6
B. Construction,5/1/2021,7395,642,20.9,6.7,319,6.0,323,2.01,184,2.5,335,4.5
C. Durable Goods Manufacturing,5/1/2021,7620,467,30.1,5.0,475,90.0,-8,0.98,160,2.1,208,2.7
D. Nondurable Goods Manufacturing,5/1/2021,4644,238,-6.3,4.3,353,123.4,-115,0.67,135,2.9,175,3.8
E. Wholesale and Retail Trade,5/1/2021,20876,1301,58.5,6.6,1182,24.6,119,1.10,742,3.4,971,4.4
F. Transportation and Utilities,5/1/2021,6577,566,121.1,7.2,488,58.4,78,1.16,195,3.0,288,4.4
G. Information,5/1/2021,2818,157,130.9,5.8,124,-3.9,33,1.27,57,2.0,121,4.3
H. Financial Activities,5/1/2021,8762,292,70.8,3.0,445,6.7,-153,0.66,121,1.4,206,2.4
I. Professional and Business Services,5/1/2021,21121,952,19.9,5.4,1710,31.2,-758,0.56,709,3.4,1190,5.7
J. Education and Health Services,5/1/2021,23622,840,38.2,3.4,1574,17.6,-734,0.53,540,2.3,741,3.1
K. Leisure and Hospitality,5/1/2021,13762,1294,62.0,10.1,1304,43.5,-10,0.99,770,5.7,1317,9.7
L. Other Services,5/1/2021,5375,341,82.4,5.3,339,27.4,2,1.01,128,2.4,243,4.5
M. Government Workers,5/1/2021,21917,474,36.2,2.2,951,15.6,-477,0.50,190,0.9,363,1.7
A. Mining and Logging,6/1/2021,559,70,66.7,10.3,25,31.6,45,2.80,9,1.6,19,3.4
B. Construction,6/1/2021,7387,730,37.5,7.5,304,1.0,426,2.40,167,2.3,317,4.3
C. Durable Goods Manufacturing,6/1/2021,7638,533,48.5,5.7,514,105.6,19,1.04,125,1.6,230,3.0
D. Nondurable Goods Manufacturing,6/1/2021,4647,259,2.0,4.8,396,150.6,-137,0.65,129,2.8,179,3.8
E. Wholesale and Retail Trade,6/1/2021,20967,1238,50.8,6.2,1221,28.7,17,1.01,728,3.4,947,4.3
F. Transportation and Utilities,6/1/2021,6633,479,87.1,6.0,466,51.3,13,1.03,172,2.6,319,4.9
G. Information,6/1/2021,2840,170,150.0,6.1,146,13.2,24,1.16,51,1.8,105,3.7
H. Financial Activities,6/1/2021,8768,342,100.0,3.4,413,-1.0,-71,0.83,123,1.4,211,2.4
I. Professional and Business Services,6/1/2021,21221,921,16.0,5.2,1855,42.4,-934,0.50,694,3.3,1164,5.5
J. Education and Health Services,6/1/2021,23640,1073,76.5,4.4,1775,32.6,-702,0.60,544,2.3,749,3.2
K. Leisure and Hospitality,6/1/2021,14064,1475,84.6,10.9,1408,54.9,67,1.05,780,5.7,1251,9.1
L. Other Services,6/1/2021,5441,342,82.9,5.4,470,76.7,-128,0.73,141,2.6,209,3.9
M. Government Workers,6/1/2021,22018,729,109.5,3.5,912,10.8,-183,0.80,165,0.8,320,1.5
A. Mining and Logging,7/1/2021,562,68,61.9,8.9,22,15.8,46,3.09,11,1.9,19,3.4
B. Construction,7/1/2021,7413,592,11.5,6.1,321,6.6,271,1.84,170,2.3,354,4.8
C. Durable Goods Manufacturing,7/1/2021,7689,355,-1.1,3.8,513,105.2,-158,0.69,159,2.1,252,3.3
D. Nondurable Goods Manufacturing,7/1/2021,4664,259,2.0,4.8,386,144.3,-127,0.67,131,2.8,185,4.0
E. Wholesale and Retail Trade,7/1/2021,20964,1216,48.1,6.0,1412,48.8,-196,0.86,779,3.6,1189,5.4
F. Transportation and Utilities,7/1/2021,6686,543,112.1,6.8,521,69.2,22,1.04,174,2.6,340,5.1
G. Information,7/1/2021,2868,146,114.7,5.6,167,29.5,-21,0.87,48,1.7,113,4.0
H. Financial Activities,7/1/2021,8803,295,72.5,3.0,344,-17.5,-49,0.86,133,1.5,225,2.6
I. Professional and Business Services,7/1/2021,21376,910,14.6,5.1,1917,47.1,-1007,0.47,752,3.5,1241,5.8
J. Education and Health Services,7/1/2021,23688,1067,75.5,4.4,1783,33.2,-716,0.60,562,2.4,755,3.2
K. Leisure and Hospitality,7/1/2021,14486,1250,56.4,9.0,1573,73.0,-323,0.79,790,5.6,1267,9.0
L. Other Services,7/1/2021,5485,319,70.6,4.9,395,48.5,-76,0.81,115,2.1,243,4.5
M. Government Workers,7/1/2021,22077,853,145.1,4.1,963,17.0,-110,0.89,181,0.8,399,1.8
A. Mining and Logging,8/1/2021,565,70,66.7,10.2,33,73.7,37,2.12,9,1.6,19,3.4
B. Construction,8/1/2021,7429,448,-15.6,4.6,364,20.9,84,1.23,165,2.2,339,4.6
C. Durable Goods Manufacturing,8/1/2021,7714,309,-13.9,3.3,550,120.0,-241,0.56,153,2.0,262,3.4
D. Nondurable Goods Manufacturing,8/1/2021,4687,227,-10.6,4.2,364,130.4,-137,0.62,142,3.0,224,4.8
E. Wholesale and Retail Trade,8/1/2021,20974,1210,47.4,6.1,1335,40.7,-125,0.91,827,3.8,1081,4.9
F. Transportation and Utilities,8/1/2021,6739,481,87.9,5.9,519,68.5,-38,0.93,161,2.4,314,4.7
G. Information,8/1/2021,2898,109,60.3,4.4,202,56.6,-93,0.54,57,2.0,110,3.8
H. Financial Activities,8/1/2021,8821,320,87.1,3.2,540,29.5,-220,0.59,134,1.5,246,2.8
I. Professional and Business Services,8/1/2021,21476,824,3.8,4.6,2085,60.0,-1261,0.40,686,3.2,1315,6.2
J. Education and Health Services,8/1/2021,23703,1047,72.2,4.3,1846,37.9,-799,0.57,602,2.5,742,3.1
K. Leisure and Hospitality,8/1/2021,14606,1201,50.3,9.1,1771,94.8,-570,0.68,808,5.6,1428,9.9
L. Other Services,8/1/2021,5523,327,74.9,5.0,445,67.3,-118,0.73,127,2.3,255,4.7
M. Government Workers,8/1/2021,22091,764,119.5,3.6,936,13.7,-172,0.82,206,0.9,388,1.8
A. Mining and Logging,9/1/2021,566,48,14.3,7.3,32,68.4,16,1.50,10,1.8,20,3.6
B. Construction,9/1/2021,7475,444,-16.4,4.5,388,28.9,56,1.14,181,2.4,370,5.0
C. Durable Goods Manufacturing,9/1/2021,7740,370,3.1,3.9,482,92.8,-112,0.77,160,2.1,265,3.4
D. Nondurable Goods Manufacturing,9/1/2021,4699,210,-17.3,3.8,370,134.2,-160,0.57,128,2.7,216,4.6
E. Wholesale and Retail Trade,9/1/2021,21057,1102,34.2,5.7,1489,56.9,-387,0.74,857,3.9,1094,4.9
F. Transportation and Utilities,9/1/2021,6788,447,74.6,5.4,612,98.7,-165,0.73,157,2.3,299,4.4
G. Information,9/1/2021,2920,97,42.6,4.0,212,64.3,-115,0.46,49,1.7,119,4.1
H. Financial Activities,9/1/2021,8848,246,43.9,2.5,473,13.4,-227,0.52,124,1.4,215,2.4
I. Professional and Business Services,9/1/2021,21569,802,1.0,4.4,2069,58.8,-1267,0.39,738,3.4,1223,5.7
J. Education and Health Services,9/1/2021,23696,805,32.4,3.3,1805,34.8,-1000,0.45,602,2.5,785,3.3
K. Leisure and Hospitality,9/1/2021,14738,1019,27.5,7.7,1717,88.9,-698,0.59,825,5.6,1201,8.2
L. Other Services,9/1/2021,5535,278,48.7,4.2,423,59.0,-145,0.66,126,2.3,216,3.9
M. Government Workers,9/1/2021,22075,497,42.8,2.4,812,-1.3,-315,0.61,210,1.0,352,1.6
A. Mining and Logging,10/1/2021,570,63,50.0,10.0,31,63.2,32,2.03,10,1.7,16,2.7
B. Construction,10/1/2021,7513,398,-25.0,4.0,353,17.3,45,1.13,189,2.5,352,4.7
C. Durable Goods Manufacturing,10/1/2021,7779,279,-22.3,2.9,557,122.8,-278,0.50,176,2.3,273,3.5
D. Nondurable Goods Manufacturing,10/1/2021,4718,220,-13.4,4.0,375,137.3,-155,0.59,149,3.2,235,5.0
E. Wholesale and Retail Trade,10/1/2021,21121,1019,24.1,5.2,1416,49.2,-397,0.72,801,3.7,1069,4.8
F. Transportation and Utilities,10/1/2021,6855,381,48.8,4.7,588,90.9,-207,0.65,182,2.7,328,4.8
G. Information,10/1/2021,2935,83,22.1,3.5,208,61.2,-125,0.40,50,1.7,121,4.1
H. Financial Activities,10/1/2021,8880,192,12.3,1.9,471,12.9,-279,0.41,146,1.7,294,3.3
I. Professional and Business Services,10/1/2021,21830,791,-0.4,4.4,1946,49.3,-1155,0.41,751,3.5,1332,6.2
J. Education and Health Services,10/1/2021,23802,677,11.3,2.8,1914,42.9,-1237,0.35,647,2.7,843,3.6
K. Leisure and Hospitality,10/1/2021,14957,960,20.2,7.5,1584,74.3,-624,0.61,843,5.7,1199,8.1
L. Other Services,10/1/2021,5570,239,27.8,3.5,468,75.9,-229,0.51,134,2.4,224,4.1
M. Government Workers,10/1/2021,22036,467,34.2,2.2,964,17.1,-497,0.48,218,1.0,358,1.6
A. Mining and Logging,11/1/2021,573,50,19.0,8.6,31,63.2,19,1.61,11,2.0,22,3.8
B. Construction,11/1/2021,7561,469,-11.7,4.7,395,31.2,74,1.19,182,2.4,378,5.0
C. Durable Goods Manufacturing,11/1/2021,7795,296,-17.5,3.0,549,119.6,-253,0.54,165,2.1,279,3.6
D. Nondurable Goods Manufacturing,11/1/2021,4739,182,-28.3,3.3,398,151.9,-216,0.46,141,3.0,219,4.6
E. Wholesale and Retail Trade,11/1/2021,21183,833,1.5,4.2,1435,51.2,-602,0.58,789,3.6,1045,4.7
F. Transportation and Utilities,11/1/2021,6942,455,77.7,5.5,579,88.0,-124,0.79,170,2.5,345,5.0
G. Information,11/1/2021,2953,99,45.6,4.1,209,62.0,-110,0.47,61,2.1,125,4.3
H. Financial Activities,11/1/2021,8910,196,14.6,2.0,432,3.6,-236,0.45,132,1.5,230,2.6
I. Professional and Business Services,11/1/2021,21971,700,-11.8,3.8,2139,64.2,-1439,0.33,752,3.4,1389,6.4
J. Education and Health Services,11/1/2021,23849,555,-8.7,2.3,2100,56.8,-1545,0.26,591,2.5,874,3.7
K. Leisure and Hospitality,11/1/2021,15086,988,23.7,7.5,1650,81.5,-662,0.60,761,5.1,1171,7.8
L. Other Services,11/1/2021,5594,209,11.8,3.3,474,78.2,-265,0.44,137,2.5,227,4.1
M. Government Workers,11/1/2021,22041,415,19.3,1.9,974,18.3,-559,0.43,248,1.1,378,1.7
A. Mining and Logging,12/1/2021,580,34,-19.0,5.8,32,68.4,2,1.06,10,1.7,20,3.4
B. Construction,12/1/2021,7594,497,-6.4,5.0,381,26.6,116,1.30,219,2.9,440,5.8
C. Durable Goods Manufacturing,12/1/2021,7818,282,-21.4,2.8,496,98.4,-214,0.57,187,2.4,259,3.3
D. Nondurable Goods Manufacturing,12/1/2021,4757,154,-39.4,2.8,348,120.3,-194,0.44,143,3.0,233,4.9
E. Wholesale and Retail Trade,12/1/2021,21203,843,2.7,4.2,1350,42.3,-507,0.62,780,3.5,1098,4.9
F. Transportation and Utilities,12/1/2021,6989,264,3.1,3.3,609,97.7,-345,0.43,186,2.7,324,4.7
G. Information,12/1/2021,2968,115,69.1,4.9,214,65.9,-99,0.54,53,1.8,112,3.8
H. Financial Activities,12/1/2021,8938,241,40.9,2.4,533,27.8,-292,0.45,149,1.7,244,2.7
I. Professional and Business Services,12/1/2021,22090,707,-11.0,3.8,2065,58.5,-1358,0.34,847,3.9,1381,6.3
J. Education and Health Services,12/1/2021,23888,505,-16.9,2.1,2094,56.4,-1589,0.24,626,2.6,868,3.6
K. Leisure and Hospitality,12/1/2021,15254,861,7.8,6.7,1612,77.3,-751,0.53,891,5.9,1201,8.0
L. Other Services,12/1/2021,5616,237,26.7,3.7,454,70.7,-217,0.52,133,2.4,243,4.3
M. Government Workers,12/1/2021,22068,325,-6.6,1.5,989,20.2,-664,0.33,246,1.1,394,1.8
A. Mining and Logging,1/1/2022,575,46,9.5,8.4,37,94.7,9,1.24,13,2.2,23,3.9
B. Construction,1/1/2022,7587,709,33.5,7.1,394,30.9,315,1.80,182,2.4,379,5.0
C. Durable Goods Manufacturing,1/1/2022,7838,305,-15.0,3.1,441,76.4,-136,0.69,186,2.4,259,3.3
D. Nondurable Goods Manufacturing,1/1/2022,4764,245,-3.5,4.4,389,146.2,-144,0.63,153,3.2,232,4.9
E. Wholesale and Retail Trade,1/1/2022,21246,956,16.4,4.8,1286,35.5,-330,0.74,832,3.8,1034,4.6
F. Transportation and Utilities,1/1/2022,7037,365,42.6,4.5,655,112.7,-290,0.56,187,2.7,311,4.5
G. Information,1/1/2022,2987,102,50.0,4.2,252,95.3,-150,0.40,53,1.8,112,3.8
H. Financial Activities,1/1/2022,8935,196,14.6,1.9,517,24.0,-321,0.38,145,1.6,250,2.8
I. Professional and Business Services,1/1/2022,22176,835,5.2,4.5,2151,65.1,-1316,0.39,771,3.5,1325,6.0
J. Education and Health Services,1/1/2022,23883,699,15.0,2.9,2131,59.1,-1432,0.33,565,2.4,865,3.6
K. Leisure and Hospitality,1/1/2022,15328,1046,30.9,8.2,1702,87.2,-656,0.61,848,5.6,1199,7.9
L. Other Services,1/1/2022,5602,317,69.5,4.9,450,69.2,-133,0.70,146,2.6,234,4.2
M. Government Workers,1/1/2022,22056,477,37.1,2.2,1105,34.3,-628,0.43,233,1.1,394,1.8
A. Mining and Logging,2/1/2022,582,29,-31.0,5.0,34,78.9,-5,0.85,13,2.3,18,3.2
B. Construction,2/1/2022,7672,677,27.5,6.7,411,36.5,266,1.65,188,2.5,325,4.3
C. Durable Goods Manufacturing,2/1/2022,7858,324,-9.7,3.3,534,113.6,-210,0.61,149,1.9,260,3.3
D. Nondurable Goods Manufacturing,2/1/2022,4791,174,-31.5,3.1,355,124.7,-181,0.49,157,3.3,214,4.5
E. Wholesale and Retail Trade,2/1/2022,21432,983,19.7,4.9,1322,39.3,-339,0.74,803,3.6,1025,4.6
F. Transportation and Utilities,2/1/2022,7122,409,59.8,5.1,543,76.3,-134,0.75,225,3.2,322,4.6
G. Information,2/1/2022,2991,91,33.8,3.7,250,93.8,-159,0.36,52,1.8,127,4.2
H. Financial Activities,2/1/2022,8983,246,43.9,2.4,521,24.9,-275,0.47,175,2.0,244,2.7
I. Professional and Business Services,2/1/2022,22303,737,-7.2,3.9,2111,62.0,-1374,0.35,791,3.6,1255,5.7
J. Education and Health Services,2/1/2022,23996,754,24.0,3.0,2069,54.5,-1315,0.36,622,2.6,846,3.5
K. Leisure and Hospitality,2/1/2022,15444,849,6.3,6.6,1615,77.7,-766,0.53,860,5.6,1190,7.8
L. Other Services,2/1/2022,5649,207,10.7,3.5,455,71.1,-248,0.45,162,2.9,208,3.7
M. Government Workers,2/1/2022,22053,386,10.9,1.8,1024,24.4,-638,0.38,242,1.1,386,1.8
A. Mining and Logging,3/1/2022,590,14,-66.7,2.6,35,84.2,-21,0.40,9,1.5,22,3.7
B. Construction,3/1/2022,7704,598,12.6,6.0,413,37.2,185,1.45,172,2.2,423,5.5
C. Durable Goods Manufacturing,3/1/2022,7907,343,-4.5,3.5,507,102.8,-164,0.68,177,2.2,270,3.4
D. Nondurable Goods Manufacturing,3/1/2022,4810,142,-44.1,2.5,326,106.3,-184,0.44,150,3.1,222,4.6
E. Wholesale and Retail Trade,3/1/2022,21459,881,7.3,4.6,1381,45.5,-500,0.64,792,3.6,1152,5.1
F. Transportation and Utilities,3/1/2022,7141,433,69.1,5.1,563,82.8,-130,0.77,189,2.7,370,5.2
G. Information,3/1/2022,3022,58,-14.7,2.3,248,92.2,-190,0.23,48,1.6,81,2.7
H. Financial Activities,3/1/2022,9002,211,23.4,2.0,523,25.4,-312,0.40,144,1.6,255,2.8
I. Professional and Business Services,3/1/2022,22450,756,-4.8,4.0,2320,78.1,-1564,0.33,745,3.3,1388,6.2
J. Education and Health Services,3/1/2022,24053,628,3.3,2.5,2208,64.9,-1580,0.28,603,2.5,865,3.6
K. Leisure and Hospitality,3/1/2022,15523,771,-3.5,5.9,1689,85.8,-918,0.46,829,5.4,1159,7.5
L. Other Services,3/1/2022,5657,200,7.0,3.2,408,53.4,-208,0.49,154,2.7,243,4.3
M. Government Workers,3/1/2022,22052,324,-6.9,1.5,1078,31.0,-754,0.30,254,1.2,413,1.9
A. Mining and Logging,4/1/2022,597,19,-54.8,3.4,40,110.5,-21,0.48,14,2.4,24,4.1
B. Construction,4/1/2022,7704,464,-12.6,4.6,435,44.5,29,1.07,255,3.3,409,5.3
C. Durable Goods Manufacturing,4/1/2022,7937,312,-13.1,3.3,590,136.0,-278,0.53,174,2.2,280,3.5
D. Nondurable Goods Manufacturing,4/1/2022,4831,177,-30.3,3.0,339,114.6,-162,0.52,166,3.5,229,4.8
E. Wholesale and Retail Trade,4/1/2022,21440,805,-1.9,4.2,1663,75.2,-858,0.48,757,3.4,996,4.4
F. Transportation and Utilities,4/1/2022,7166,287,12.1,3.4,486,57.8,-199,0.59,199,2.8,308,4.3
G. Information,4/1/2022,3034,69,1.5,2.7,268,107.8,-199,0.26,47,1.6,111,3.7
H. Financial Activities,4/1/2022,9038,198,15.8,1.9,522,25.2,-324,0.38,160,1.8,249,2.8
I. Professional and Business Services,4/1/2022,22425,551,-30.6,3.0,2416,85.4,-1865,0.23,788,3.5,1377,6.1
J. Education and Health Services,4/1/2022,24107,556,-8.6,2.2,2320,73.3,-1764,0.24,586,2.4,803,3.3
K. Leisure and Hospitality,4/1/2022,15611,641,-19.8,4.8,1670,83.7,-1029,0.38,913,5.9,1214,7.8
L. Other Services,4/1/2022,5667,209,11.8,3.3,416,56.4,-207,0.50,142,2.5,233,4.1
M. Government Workers,4/1/2022,22085,328,-5.7,1.5,1017,23.6,-689,0.32,247,1.1,386,1.8
A. Mining and Logging,5/1/2022,599,24,-42.9,4.1,39,105.3,-15,0.62,13,2.2,25,4.1
B. Construction,5/1/2022,7743,392,-26.2,3.8,438,45.5,-46,0.89,230,3.0,340,4.4
C. Durable Goods Manufacturing,5/1/2022,7946,256,-28.7,2.7,641,156.4,-385,0.40,172,2.2,282,3.6
D. Nondurable Goods Manufacturing,5/1/2022,4841,166,-34.6,2.9,356,125.3,-190,0.47,157,3.2,223,4.6
E. Wholesale and Retail Trade,5/1/2022,21407,819,-0.2,4.2,1346,41.8,-527,0.61,796,3.6,978,4.4
F. Transportation and Utilities,5/1/2022,7196,348,35.9,4.1,514,66.9,-166,0.68,214,3.0,355,5.0
G. Information,5/1/2022,3060,70,2.9,2.9,266,106.2,-196,0.26,53,1.8,109,3.6
H. Financial Activities,5/1/2022,9051,193,12.9,1.9,563,35.0,-370,0.34,185,2.0,278,3.1
I. Professional and Business Services,5/1/2022,22454,583,-26.6,3.1,2274,74.5,-1691,0.26,839,3.7,1298,5.8
J. Education and Health Services,5/1/2022,24179,620,2.0,2.5,2226,66.2,-1606,0.28,638,2.6,872,3.6
K. Leisure and Hospitality,5/1/2022,15670,681,-14.8,5.1,1621,78.3,-940,0.42,847,5.4,1194,7.7
L. Other Services,5/1/2022,5670,200,7.0,3.1,446,67.7,-246,0.45,133,2.3,224,4.0
M. Government Workers,5/1/2022,22113,356,2.3,1.7,1043,26.7,-687,0.34,238,1.1,397,1.8
A. Mining and Logging,6/1/2022,608,10,-76.2,1.6,34,78.9,-24,0.29,17,2.8,24,4.1
B. Construction,6/1/2022,7757,385,-27.5,3.7,414,37.5,-29,0.93,214,2.8,371,4.8
C. Durable Goods Manufacturing,6/1/2022,7955,277,-22.8,2.9,535,114.0,-258,0.52,159,2.0,253,3.2
D. Nondurable Goods Manufacturing,6/1/2022,4862,189,-25.6,3.2,308,94.9,-119,0.61,144,3.0,201,4.2
E. Wholesale and Retail Trade,6/1/2022,21477,799,-2.7,4.1,1417,49.3,-618,0.56,699,3.2,872,3.9
F. Transportation and Utilities,6/1/2022,7209,323,26.2,3.8,498,61.7,-175,0.65,194,2.7,332,4.6
G. Information,6/1/2022,3083,80,17.6,3.1,240,86.0,-160,0.33,59,1.9,112,3.7
H. Financial Activities,6/1/2022,9058,211,23.4,2.1,580,39.1,-369,0.36,131,1.4,242,2.7
I. Professional and Business Services,6/1/2022,22522,640,-19.4,3.4,2181,67.4,-1541,0.29,775,3.5,1341,6.0
J. Education and Health Services,6/1/2022,24265,803,32.1,3.3,2218,65.6,-1415,0.36,608,2.5,873,3.6
K. Leisure and Hospitality,6/1/2022,15760,721,-9.8,5.2,1581,73.9,-860,0.46,902,5.8,1217,7.8
L. Other Services,6/1/2022,5677,169,-9.6,2.5,393,47.7,-224,0.43,129,2.3,222,3.9
M. Government Workers,6/1/2022,22115,653,87.6,3.1,1076,30.7,-423,0.61,221,1.0,404,1.8
A. Mining and Logging,7/1/2022,614,6,-85.7,0.8,40,110.5,-34,0.15,13,2.2,27,4.4
B. Construction,7/1/2022,7786,359,-32.4,3.5,392,30.2,-33,0.92,154,2.0,363,4.7
C. Durable Goods Manufacturing,7/1/2022,7981,276,-23.1,2.9,559,123.6,-283,0.49,166,2.1,246,3.1
D. Nondurable Goods Manufacturing,7/1/2022,4871,215,-15.4,3.7,307,94.3,-92,0.70,141,2.9,220,4.5
E. Wholesale and Retail Trade,7/1/2022,21513,804,-2.1,4.1,1181,24.4,-377,0.68,666,3.0,971,4.3
F. Transportation and Utilities,7/1/2022,7216,310,21.1,3.7,494,60.4,-184,0.63,224,3.1,342,4.7
G. Information,7/1/2022,3089,62,-8.8,2.4,239,85.3,-177,0.26,61,2.0,120,3.9
H. Financial Activities,7/1/2022,9073,162,-5.3,1.6,634,52.0,-472,0.26,144,1.6,228,2.5
I. Professional and Business Services,7/1/2022,22614,628,-20.9,3.3,2254,73.0,-1626,0.28,772,3.4,1272,5.6
J. Education and Health Services,7/1/2022,24400,785,29.1,3.2,2166,61.8,-1381,0.36,593,2.4,854,3.5
K. Leisure and Hospitality,7/1/2022,15910,677,-15.3,4.8,1548,70.3,-871,0.44,845,5.4,1199,7.6
L. Other Services,7/1/2022,5707,194,3.7,2.8,413,55.3,-219,0.47,146,2.6,207,3.6
M. Government Workers,7/1/2022,22265,802,130.5,3.8,979,19.0,-177,0.82,237,1.1,400,1.8
A. Mining and Logging,8/1/2022,611,16,-61.9,2.6,37,94.7,-21,0.43,12,2.0,24,3.9
B. Construction,8/1/2022,7798,401,-24.5,3.9,363,20.6,38,1.10,190,2.4,393,5.1
C. Durable Goods Manufacturing,8/1/2022,8010,278,-22.6,2.8,530,112.0,-252,0.52,158,2.0,239,3.0
D. Nondurable Goods Manufacturing,8/1/2022,4872,237,-6.7,4.1,354,124.1,-117,0.67,117,2.4,200,4.1
E. Wholesale and Retail Trade,8/1/2022,21556,724,-11.8,3.7,1201,26.6,-477,0.60,663,3.0,951,4.2
F. Transportation and Utilities,8/1/2022,7202,349,36.3,4.3,554,79.9,-205,0.63,209,2.9,354,4.9
G. Information,8/1/2022,3089,84,23.5,3.2,237,83.7,-153,0.35,49,1.6,99,3.2
H. Financial Activities,8/1/2022,9089,181,5.8,1.8,623,49.4,-442,0.29,174,1.9,233,2.6
I. Professional and Business Services,8/1/2022,22637,688,-13.4,3.5,2127,63.2,-1439,0.32,790,3.5,1270,5.6
J. Education and Health Services,8/1/2022,24469,760,25.0,3.1,2247,67.8,-1487,0.34,557,2.3,879,3.6
K. Leisure and Hospitality,8/1/2022,15973,839,5.0,6.1,1604,76.5,-765,0.52,831,5.2,1168,7.3
L. Other Services,8/1/2022,5711,231,23.5,3.3,472,77.4,-241,0.49,117,2.1,217,3.8
M. Government Workers,8/1/2022,22264,591,69.8,2.8,1187,44.2,-596,0.50,183,0.8,430,1.9
A. Mining and Logging,9/1/2022,615,16,-61.9,2.5,23,21.1,-7,0.70,13,2.1,18,2.9
B. Construction,9/1/2022,7826,346,-34.8,3.4,340,13.0,6,1.02,228,2.9,384,4.9
C. Durable Goods Manufacturing,9/1/2022,8021,236,-34.3,2.5,516,106.4,-280,0.46,163,2.0,277,3.5
D. Nondurable Goods Manufacturing,9/1/2022,4878,181,-28.7,3.3,312,97.5,-131,0.58,126,2.6,202,4.1
E. Wholesale and Retail Trade,9/1/2022,21544,768,-6.5,4.0,1206,27.1,-438,0.64,654,2.9,982,4.4
F. Transportation and Utilities,9/1/2022,7186,337,31.6,4.0,453,47.1,-116,0.74,226,3.1,357,5.0
G. Information,9/1/2022,3098,85,25.0,3.2,199,54.3,-114,0.43,58,1.9,113,3.7
H. Financial Activities,9/1/2022,9095,136,-20.5,1.3,503,20.6,-367,0.27,152,1.7,242,2.7
I. Professional and Business Services,9/1/2022,22678,544,-31.5,2.9,1802,38.3,-1258,0.30,709,3.1,1190,5.3
J. Education and Health Services,9/1/2022,24542,659,8.4,2.6,2103,57.1,-1444,0.31,592,2.4,852,3.5
K. Leisure and Hospitality,9/1/2022,16055,802,0.4,5.9,1458,60.4,-656,0.55,879,5.5,1205,7.5
L. Other Services,9/1/2022,5727,189,1.1,2.8,233,-12.4,-44,0.81,166,2.9,233,4.1
M. Government Workers,9/1/2022,22271,388,11.5,1.8,971,18.0,-583,0.40,234,1.1,398,1.8
A. Mining and Logging,10/1/2022,618,4,-90.5,0.8,33,73.7,-29,0.12,13,2.1,24,3.9
B. Construction,10/1/2022,7839,419,-21.1,4.1,437,45.2,-18,0.96,147,1.9,380,4.9
C. Durable Goods Manufacturing,10/1/2022,8045,319,-11.1,3.3,489,95.6,-170,0.65,140,1.7,217,2.7
D. Nondurable Goods Manufacturing,10/1/2022,4885,144,-43.3,2.7,326,106.3,-182,0.44,117,2.4,189,3.9
E. Wholesale and Retail Trade,10/1/2022,21554,699,-14.9,3.6,1115,17.5,-416,0.63,698,3.1,923,4.1
F. Transportation and Utilities,10/1/2022,7185,273,6.6,3.3,545,76.9,-272,0.50,216,3.0,336,4.7
G. Information,10/1/2022,3095,94,38.2,3.3,220,70.5,-126,0.43,58,1.9,98,3.2
H. Financial Activities,10/1/2022,9123,195,14.0,1.9,455,9.1,-260,0.43,141,1.5,234,2.6
I. Professional and Business Services,10/1/2022,22726,645,-18.8,3.5,2128,63.3,-1483,0.30,735,3.2,1178,5.2
J. Education and Health Services,10/1/2022,24637,677,11.3,2.7,2213,65.3,-1536,0.31,563,2.3,840,3.4
K. Leisure and Hospitality,10/1/2022,16150,738,-7.6,5.5,1517,66.9,-779,0.49,858,5.3,1137,7.1
L. Other Services,10/1/2022,5739,174,-7.0,2.5,249,-6.4,-75,0.70,143,2.5,231,4.0
M. Government Workers,10/1/2022,22301,321,-7.8,1.5,1056,28.3,-735,0.30,231,1.0,402,1.8
A. Mining and Logging,11/1/2022,625,19,-54.8,3.1,45,136.8,-26,0.42,13,2.1,22,3.6
B. Construction,11/1/2022,7860,393,-26.0,3.9,388,28.9,5,1.01,148,1.9,349,4.5
C. Durable Goods Manufacturing,11/1/2022,8055,254,-29.2,2.6,481,92.4,-227,0.53,147,1.8,230,2.9
D. Nondurable Goods Manufacturing,11/1/2022,4880,148,-41.7,2.7,260,64.6,-112,0.57,135,2.8,212,4.3
E. Wholesale and Retail Trade,11/1/2022,21538,666,-18.9,3.5,1202,26.7,-536,0.55,687,3.1,900,4.0
F. Transportation and Utilities,11/1/2022,7176,360,40.6,4.2,473,53.6,-113,0.76,195,2.7,309,4.3
G. Information,11/1/2022,3108,57,-16.2,2.1,214,65.9,-157,0.27,30,1.0,97,3.1
H. Financial Activities,11/1/2022,9134,200,17.0,1.9,630,51.1,-430,0.32,138,1.5,219,2.4
I. Professional and Business Services,11/1/2022,22726,702,-11.6,3.7,1824,40.0,-1122,0.38,657,2.9,1152,5.1
J. Education and Health Services,11/1/2022,24726,521,-14.3,2.1,2141,59.9,-1620,0.24,567,2.3,821,3.3
K. Leisure and Hospitality,11/1/2022,16205,769,-3.8,5.8,1590,74.9,-821,0.48,871,5.4,1181,7.3
L. Other Services,11/1/2022,5758,165,-11.8,2.5,290,9.0,-125,0.57,145,2.5,228,4.0
M. Government Workers,11/1/2022,22364,332,-4.6,1.5,988,20.0,-656,0.34,215,1.0,396,1.8
A. Mining and Logging,12/1/2022,630,12,-71.4,1.9,43,126.3,-31,0.28,10,1.7,23,3.7
B. Construction,12/1/2022,7884,443,-16.6,4.4,334,11.0,109,1.33,130,1.7,319,4.1
C. Durable Goods Manufacturing,12/1/2022,8075,175,-51.3,1.8,497,98.8,-322,0.35,145,1.8,229,2.8
D. Nondurable Goods Manufacturing,12/1/2022,4859,95,-62.6,1.8,312,97.5,-217,0.30,130,2.7,191,3.9
E. Wholesale and Retail Trade,12/1/2022,21548,688,-16.2,3.6,1067,12.4,-379,0.64,698,3.1,895,4.0
F. Transportation and Utilities,12/1/2022,7158,349,36.3,4.0,480,55.8,-131,0.73,280,3.9,352,4.9
G. Information,12/1/2022,3095,67,-1.5,2.4,218,69.0,-151,0.31,44,1.4,108,3.5
H. Financial Activities,12/1/2022,9145,271,58.5,2.6,592,42.0,-321,0.46,132,1.4,249,2.7
I. Professional and Business Services,12/1/2022,22733,668,-15.9,3.5,2205,69.2,-1537,0.30,733,3.2,1128,5.0
J. Education and Health Services,12/1/2022,24773,483,-20.6,2.0,2058,53.7,-1575,0.23,597,2.4,860,3.5
K. Leisure and Hospitality,12/1/2022,16255,694,-13.1,5.4,1543,69.7,-849,0.45,866,5.3,1115,6.9
L. Other Services,12/1/2022,5769,170,-9.1,2.7,310,16.5,-140,0.55,110,1.9,210,3.7
M. Government Workers,12/1/2022,22367,381,9.5,1.7,1045,27.0,-664,0.36,218,1.0,427,1.9
A. Mining and Logging,1/1/2023,631,2,-95.2,0.3,35,84.2,-33,0.06,15,2.4,23,3.7
B. Construction,1/1/2023,7921,720,35.6,6.9,426,41.5,294,1.69,159,2.0,361,4.6
C. Durable Goods Manufacturing,1/1/2023,8075,228,-36.5,2.3,453,81.2,-225,0.50,137,1.7,238,2.9
D. Nondurable Goods Manufacturing,1/1/2023,4867,172,-32.3,3.1,259,63.9,-87,0.66,129,2.7,171,3.5
E. Wholesale and Retail Trade,1/1/2023,21593,992,20.8,5.1,1170,23.3,-178,0.85,678,3.0,941,4.2
F. Transportation and Utilities,1/1/2023,7178,345,34.8,4.2,633,105.5,-288,0.55,245,3.4,341,4.8
G. Information,1/1/2023,3067,114,67.6,3.9,85,-34.1,29,1.34,50,1.6,87,2.8
H. Financial Activities,1/1/2023,9145,236,38.0,2.3,551,32.1,-315,0.43,141,1.5,223,2.4
I. Professional and Business Services,1/1/2023,22771,649,-18.3,3.5,2214,69.9,-1565,0.29,677,3.0,1069,4.7
J. Education and Health Services,1/1/2023,24906,599,-1.5,2.4,2070,54.6,-1471,0.29,622,2.5,922,3.7
K. Leisure and Hospitality,1/1/2023,16345,797,-0.3,6.0,1723,89.5,-926,0.46,841,5.2,1119,6.9
L. Other Services,1/1/2023,5784,209,11.8,3.3,331,24.4,-122,0.63,176,3.1,233,4.0
M. Government Workers,1/1/2023,22490,429,23.3,1.9,1049,27.5,-620,0.41,226,1.0,415,1.9
A. Mining and Logging,2/1/2023,633,17,-59.5,3.0,33,73.7,-16,0.52,16,2.6,26,4.1
B. Construction,2/1/2023,7947,708,33.3,6.6,293,-2.7,415,2.42,184,2.3,386,4.9
C. Durable Goods Manufacturing,2/1/2023,8075,268,-25.3,2.6,468,87.2,-200,0.57,148,1.8,226,2.8
D. Nondurable Goods Manufacturing,2/1/2023,4865,196,-22.8,3.6,251,58.9,-55,0.78,136,2.8,203,4.2
E. Wholesale and Retail Trade,2/1/2023,21694,1039,26.6,5.4,1180,24.3,-141,0.88,717,3.2,1005,4.4
F. Transportation and Utilities,2/1/2023,7157,377,47.3,4.5,615,99.7,-238,0.61,233,3.2,388,5.4
G. Information,2/1/2023,3049,87,27.9,3.2,109,-15.5,-22,0.80,44,1.4,69,2.3
H. Financial Activities,2/1/2023,9146,227,32.7,2.2,434,4.1,-207,0.52,142,1.6,218,2.4
I. Professional and Business Services,2/1/2023,22779,801,0.9,4.2,2042,56.7,-1241,0.39,536,2.4,1083,4.8
J. Education and Health Services,2/1/2023,24968,611,0.5,2.4,2009,50.0,-1398,0.30,595,2.4,936,3.8
K. Leisure and Hospitality,2/1/2023,16412,693,-13.3,5.2,1534,68.8,-841,0.45,807,4.9,1178,7.2
L. Other Services,2/1/2023,5784,194,3.7,3.1,380,42.9,-186,0.51,126,2.2,214,3.7
M. Government Workers,2/1/2023,22551,374,7.5,1.7,1077,30.9,-703,0.35,198,0.9,442,2.0
A. Mining and Logging,3/1/2023,635,36,-14.3,6.5,35,84.2,1,1.03,16,2.6,28,4.5
B. Construction,3/1/2023,7941,598,12.6,5.6,409,35.9,189,1.46,154,1.9,375,4.7
C. Durable Goods Manufacturing,3/1/2023,8074,257,-28.4,2.5,433,73.2,-176,0.59,167,2.1,236,2.9
D. Nondurable Goods Manufacturing,3/1/2023,4858,202,-20.5,3.6,241,52.5,-39,0.84,144,3.0,198,4.1
E. Wholesale and Retail Trade,3/1/2023,21676,846,3.0,4.4,1116,17.6,-270,0.76,642,2.9,935,4.1
F. Transportation and Utilities,3/1/2023,7144,390,52.3,4.6,572,85.7,-182,0.68,208,2.9,325,4.5
G. Information,3/1/2023,3054,84,23.5,3.1,145,12.4,-61,0.58,48,1.6,88,2.9
H. Financial Activities,3/1/2023,9150,189,10.5,1.8,443,6.2,-254,0.43,126,1.4,207,2.3
I. Professional and Business Services,3/1/2023,22797,744,-6.3,3.9,1789,37.3,-1045,0.42,636,2.8,1059,4.7
J. Education and Health Services,3/1/2023,25030,604,-0.7,2.4,1851,38.2,-1247,0.33,601,2.4,843,3.4
K. Leisure and Hospitality,3/1/2023,16447,684,-14.4,5.0,1421,56.3,-737,0.48,905,5.5,1165,7.1
L. Other Services,3/1/2023,5795,208,11.2,3.3,375,41.0,-167,0.55,122,2.1,206,3.6
M. Government Workers,3/1/2023,22606,372,6.9,1.7,1018,23.7,-646,0.37,193,0.9,392,1.7
A. Mining and Logging,4/1/2023,639,11,-73.8,1.8,33,73.7,-22,0.33,15,2.4,24,3.8
B. Construction,4/1/2023,7961,424,-20.2,4.1,291,-3.3,133,1.46,146,1.8,414,5.2
C. Durable Goods Manufacturing,4/1/2023,8084,240,-33.1,2.4,434,73.6,-194,0.55,143,1.8,215,2.7
D. Nondurable Goods Manufacturing,4/1/2023,4857,190,-25.2,3.4,260,64.6,-70,0.73,123,2.5,169,3.5
E. Wholesale and Retail Trade,4/1/2023,21681,644,-21.6,3.3,1025,8.0,-381,0.63,650,2.9,832,3.7
F. Transportation and Utilities,4/1/2023,7153,298,16.4,3.6,385,25.0,-87,0.77,207,2.9,325,4.5
G. Information,4/1/2023,3053,38,-44.1,1.4,150,16.3,-112,0.25,41,1.3,110,3.6
H. Financial Activities,4/1/2023,9179,214,25.1,2.1,502,20.4,-288,0.43,116,1.3,195,2.1
I. Professional and Business Services,4/1/2023,22827,684,-13.9,3.7,1736,33.2,-1052,0.39,644,2.8,1077,4.7
J. Education and Health Services,4/1/2023,25109,494,-18.8,1.9,1938,44.7,-1444,0.25,608,2.4,861,3.4
K. Leisure and Hospitality,4/1/2023,16489,686,-14.1,5.0,1456,60.2,-770,0.47,771,4.7,1100,6.7
L. Other Services,4/1/2023,5799,139,-25.7,2.1,368,38.3,-229,0.38,140,2.4,240,4.1
M. Government Workers,4/1/2023,22653,343,-1.4,1.5,1047,27.2,-704,0.33,207,0.9,392,1.7
A. Mining and Logging,5/1/2023,642,10,-76.2,1.8,35,84.2,-25,0.29,11,1.7,23,3.7
B. Construction,5/1/2023,7977,355,-33.1,3.5,363,20.6,-8,0.98,155,1.9,364,4.6
C. Durable Goods Manufacturing,5/1/2023,8085,245,-31.8,2.5,388,55.2,-143,0.63,123,1.5,209,2.6
D. Nondurable Goods Manufacturing,5/1/2023,4851,164,-35.4,3.0,259,63.9,-95,0.63,123,2.5,180,3.7
E. Wholesale and Retail Trade,5/1/2023,21702,855,4.1,4.4,1144,20.5,-289,0.75,624,2.8,898,4.0
F. Transportation and Utilities,5/1/2023,7173,282,10.2,3.3,534,73.4,-252,0.53,192,2.7,322,4.5
G. Information,5/1/2023,3050,73,7.4,2.5,151,17.1,-78,0.48,38,1.3,81,2.7
H. Financial Activities,5/1/2023,9192,240,40.4,2.3,500,19.9,-260,0.48,135,1.5,215,2.3
I. Professional and Business Services,5/1/2023,22876,750,-5.5,3.9,1767,35.6,-1017,0.42,575,2.5,1190,5.2
J. Education and Health Services,5/1/2023,25200,595,-2.1,2.3,1954,45.9,-1359,0.30,542,2.2,825,3.3
K. Leisure and Hospitality,5/1/2023,16528,717,-10.3,5.2,1377,51.5,-660,0.52,778,4.7,1060,6.4
L. Other Services,5/1/2023,5809,195,4.3,2.9,392,47.4,-197,0.50,121,2.1,199,3.4
M. Government Workers,5/1/2023,22702,386,10.9,1.8,1040,26.4,-654,0.37,194,0.9,384,1.7
A. Mining and Logging,6/1/2023,642,7,-83.3,1.3,30,57.9,-23,0.23,16,2.5,28,4.3
B. Construction,6/1/2023,8010,381,-28.2,3.6,377,25.2,4,1.01,215,2.7,373,4.7
C. Durable Goods Manufacturing,6/1/2023,8104,238,-33.7,2.4,365,46.0,-127,0.65,137,1.7,245,3.0
D. Nondurable Goods Manufacturing,6/1/2023,4841,158,-37.8,2.9,228,44.3,-70,0.69,141,2.9,197,4.1
E. Wholesale and Retail Trade,6/1/2023,21698,855,4.1,4.4,1019,7.4,-164,0.84,704,3.1,985,4.3
F. Transportation and Utilities,6/1/2023,7162,263,2.7,3.1,517,67.9,-254,0.51,183,2.6,325,4.5
G. Information,6/1/2023,3043,85,25.0,3.1,162,25.6,-77,0.52,31,1.0,68,2.2
H. Financial Activities,6/1/2023,9201,226,32.2,2.2,421,1.0,-195,0.54,132,1.4,219,2.4
I. Professional and Business Services,6/1/2023,22883,628,-20.9,3.3,1597,22.6,-969,0.39,621,2.7,1066,4.7
J. Education and Health Services,6/1/2023,25277,733,20.6,2.8,1863,39.1,-1130,0.39,670,2.7,954,3.8
K. Leisure and Hospitality,6/1/2023,16588,735,-8.0,5.1,1301,43.1,-566,0.56,800,4.8,1097,6.6
L. Other Services,6/1/2023,5821,140,-25.1,2.1,361,35.7,-221,0.39,156,2.7,209,3.6
M. Government Workers,6/1/2023,22757,649,86.5,3.0,1070,30.0,-421,0.61,202,0.9,405,1.8
A. Mining and Logging,7/1/2023,644,17,-59.5,2.7,29,52.6,-12,0.59,16,2.5,26,4.0
B. Construction,7/1/2023,8021,410,-22.8,3.9,414,37.5,-4,0.99,175,2.2,374,4.7
C. Durable Goods Manufacturing,7/1/2023,8113,261,-27.3,2.6,370,48.0,-109,0.71,117,1.4,202,2.5
D. Nondurable Goods Manufacturing,7/1/2023,4826,159,-37.4,2.9,208,31.6,-49,0.76,129,2.7,181,3.7
E. Wholesale and Retail Trade,7/1/2023,21720,758,-7.7,3.8,1007,6.1,-249,0.75,600,2.7,849,3.8
F. Transportation and Utilities,7/1/2023,7150,374,46.1,4.5,437,41.9,-63,0.86,174,2.4,290,4.0
G. Information,7/1/2023,3015,64,-5.9,2.4,142,10.1,-78,0.45,43,1.4,75,2.5
H. Financial Activities,7/1/2023,9219,197,15.2,1.9,435,4.3,-238,0.45,124,1.4,186,2.0
I. Professional and Business Services,7/1/2023,22866,688,-13.4,3.5,1528,17.3,-840,0.45,590,2.6,1062,4.6
J. Education and Health Services,7/1/2023,25386,722,18.8,2.8,1920,43.4,-1198,0.38,628,2.5,921,3.6
K. Leisure and Hospitality,7/1/2023,16629,836,4.6,5.8,1172,28.9,-336,0.71,806,4.9,1110,6.7
L. Other Services,7/1/2023,5830,187,0.0,2.7,359,35.0,-172,0.52,127,2.2,237,4.1
M. Government Workers,7/1/2023,22793,657,88.8,3.1,1104,34.1,-447,0.60,187,0.8,382,1.7
A. Mining and Logging,8/1/2023,644,16,-61.9,2.5,30,57.9,-14,0.53,16,2.4,26,4.1
B. Construction,8/1/2023,8052,424,-20.2,3.9,351,16.6,73,1.21,169,2.1,379,4.7
C. Durable Goods Manufacturing,8/1/2023,8116,264,-26.5,2.6,366,46.4,-102,0.72,127,1.6,211,2.6
D. Nondurable Goods Manufacturing,8/1/2023,4825,169,-33.5,3.0,170,7.6,-1,0.99,127,2.6,191,4.0
E. Wholesale and Retail Trade,8/1/2023,21715,766,-6.7,3.8,1002,5.6,-236,0.76,604,2.7,875,3.9
F. Transportation and Utilities,8/1/2023,7125,370,44.5,4.4,464,50.6,-94,0.80,164,2.3,279,3.9
G. Information,8/1/2023,2997,106,55.9,4.1,158,22.5,-52,0.67,58,1.9,79,2.6
H. Financial Activities,8/1/2023,9223,224,31.0,2.2,447,7.2,-223,0.50,120,1.3,194,2.1
I. Professional and Business Services,8/1/2023,22865,729,-8.2,3.7,1334,2.4,-605,0.55,598,2.6,1055,4.6
J. Education and Health Services,8/1/2023,25479,822,35.2,3.2,1969,47.1,-1147,0.42,558,2.2,876,3.4
K. Leisure and Hospitality,8/1/2023,16681,817,2.3,5.8,1207,32.8,-390,0.68,752,4.5,1006,6.0
L. Other Services,8/1/2023,5846,232,24.1,3.5,323,21.4,-91,0.72,119,2.0,200,3.4
M. Government Workers,8/1/2023,22853,599,72.1,2.8,985,19.7,-386,0.61,203,0.9,361,1.6
A. Mining and Logging,9/1/2023,645,16,-61.9,2.6,28,47.4,-12,0.57,16,2.5,25,4.0
B. Construction,9/1/2023,8065,392,-26.2,3.8,386,28.2,6,1.02,160,2.0,374,4.6
C. Durable Goods Manufacturing,9/1/2023,8125,278,-22.6,2.8,382,52.8,-104,0.73,108,1.3,204,2.5
D. Nondurable Goods Manufacturing,9/1/2023,4829,217,-14.6,3.9,219,38.6,-2,0.99,118,2.4,189,3.9
E. Wholesale and Retail Trade,9/1/2023,21745,889,8.3,4.5,863,-9.1,26,1.03,555,2.5,821,3.6
F. Transportation and Utilities,9/1/2023,7136,379,48.0,4.7,428,39.0,-49,0.89,179,2.5,310,4.4
G. Information,9/1/2023,3008,117,72.1,4.3,158,22.5,-41,0.74,24,0.8,66,2.2
H. Financial Activities,9/1/2023,9223,190,11.1,1.9,585,40.3,-395,0.32,138,1.5,213,2.3
I. Professional and Business Services,9/1/2023,22864,699,-12.0,3.6,1648,26.5,-949,0.42,611,2.7,1076,4.7
J. Education and Health Services,9/1/2023,25560,638,4.9,2.4,1993,48.8,-1355,0.32,582,2.3,907,3.6
K. Leisure and Hospitality,9/1/2023,16708,734,-8.1,5.4,1182,30.0,-448,0.62,785,4.7,1100,6.6
L. Other Services,9/1/2023,5855,211,12.8,3.1,396,48.9,-185,0.53,116,2.0,207,3.5
M. Government Workers,9/1/2023,22903,393,12.9,1.8,1089,32.3,-696,0.36,205,0.9,394,1.7
A. Mining and Logging,10/1/2023,644,39,-7.1,6.1,29,52.6,10,1.34,12,1.8,22,3.4
B. Construction,10/1/2023,8087,414,-22.0,4.0,422,40.2,-8,0.98,139,1.7,308,3.8
C. Durable Goods Manufacturing,10/1/2023,8092,318,-11.4,3.3,354,41.6,-36,0.90,126,1.5,216,2.7
D. Nondurable Goods Manufacturing,10/1/2023,4831,160,-37.0,2.8,253,60.1,-93,0.63,98,2.0,179,3.7
E. Wholesale and Retail Trade,10/1/2023,21759,789,-3.9,4.0,897,-5.5,-108,0.88,630,2.8,907,4.0
F. Transportation and Utilities,10/1/2023,7129,361,41.0,4.5,416,35.1,-55,0.87,168,2.4,283,4.0
G. Information,10/1/2023,2982,106,55.9,3.7,109,-15.5,-3,0.97,39,1.3,78,2.6
H. Financial Activities,10/1/2023,9223,222,29.8,2.2,689,65.2,-467,0.32,131,1.4,201,2.2
I. Professional and Business Services,10/1/2023,22859,611,-23.0,3.2,1582,21.4,-971,0.39,581,2.5,1055,4.6
J. Education and Health Services,10/1/2023,25637,593,-2.5,2.3,1925,43.8,-1332,0.31,534,2.1,858,3.4
K. Leisure and Hospitality,10/1/2023,16765,757,-5.3,5.5,1350,48.5,-593,0.56,828,5.0,1165,7.0
L. Other Services,10/1/2023,5854,264,41.2,3.8,316,18.8,-52,0.84,125,2.1,215,3.7
M. Government Workers,10/1/2023,22970,354,1.7,1.6,965,17.3,-611,0.37,185,0.8,363,1.6
A. Mining and Logging,11/1/2023,640,13,-69.0,2.2,24,26.3,-11,0.54,14,2.1,21,3.3
B. Construction,11/1/2023,8102,496,-6.6,4.8,413,37.2,83,1.20,171,2.1,381,4.7
C. Durable Goods Manufacturing,11/1/2023,8129,286,-20.3,2.9,364,45.6,-78,0.79,126,1.6,205,2.5
D. Nondurable Goods Manufacturing,11/1/2023,4819,201,-20.9,3.5,213,34.8,-12,0.94,98,2.0,172,3.6
E. Wholesale and Retail Trade,11/1/2023,21723,735,-10.5,3.6,787,-17.1,-52,0.93,566,2.5,829,3.7
F. Transportation and Utilities,11/1/2023,7120,346,35.2,4.1,520,68.8,-174,0.67,184,2.6,308,4.3
G. Information,11/1/2023,2999,100,47.1,3.7,113,-12.4,-13,0.88,41,1.4,50,1.7
H. Financial Activities,11/1/2023,9227,232,35.7,2.3,410,-1.7,-178,0.57,129,1.4,206,2.2
I. Professional and Business Services,11/1/2023,22869,747,-5.9,3.9,1585,21.6,-838,0.47,677,3.0,1116,4.9
J. Education and Health Services,11/1/2023,25747,528,-13.2,2.0,1778,32.8,-1250,0.30,594,2.3,894,3.5
K. Leisure and Hospitality,11/1/2023,16775,758,-5.1,5.5,1201,32.1,-443,0.63,742,4.4,1047,6.2
L. Other Services,11/1/2023,5864,234,25.1,3.4,313,17.7,-79,0.75,111,1.9,200,3.4
M. Government Workers,11/1/2023,23000,305,-12.4,1.4,967,17.5,-662,0.32,181,0.8,385,1.7
A. Mining and Logging,12/1/2023,643,9,-78.6,1.7,31,63.2,-22,0.29,15,2.3,19,3.0
B. Construction,12/1/2023,8120,442,-16.8,4.4,454,50.8,-12,0.97,162,2.0,367,4.5
C. Durable Goods Manufacturing,12/1/2023,8148,206,-42.6,2.1,377,50.8,-171,0.55,126,1.6,199,2.4
D. Nondurable Goods Manufacturing,12/1/2023,4812,250,-1.6,4.6,176,11.4,74,1.42,94,2.0,153,3.2
E. Wholesale and Retail Trade,12/1/2023,21762,810,-1.3,4.0,892,-6.0,-82,0.91,534,2.4,791,3.5
F. Transportation and Utilities,12/1/2023,7104,322,25.8,3.9,443,43.8,-121,0.73,205,2.9,300,4.2
G. Information,12/1/2023,3012,86,26.5,3.1,154,19.4,-68,0.56,42,1.4,70,2.4
H. Financial Activities,12/1/2023,9233,293,71.3,2.9,427,2.4,-134,0.69,126,1.4,201,2.2
I. Professional and Business Services,12/1/2023,22882,721,-9.2,3.9,1536,17.9,-815,0.47,594,2.6,964,4.2
J. Education and Health Services,12/1/2023,25831,560,-7.9,2.2,1939,44.8,-1379,0.29,572,2.2,934,3.6
K. Leisure and Hospitality,12/1/2023,16816,662,-17.1,4.8,1153,26.8,-491,0.57,739,4.4,993,5.9
L. Other Services,12/1/2023,5864,236,26.2,3.5,349,31.2,-113,0.68,110,1.9,214,3.6
M. Government Workers,12/1/2023,23076,330,-5.2,1.5,999,21.4,-669,0.33,197,0.9,364,1.6
A. Mining and Logging,1/1/2024,641,16,-61.9,3.0,32,68.4,-16,0.50,11,1.8,18,2.8
B. Construction,1/1/2024,8146,699,31.6,6.9,434,44.2,265,1.61,149,1.8,357,4.4
C. Durable Goods Manufacturing,1/1/2024,8144,284,-20.9,2.9,408,63.2,-124,0.70,123,1.5,199,2.4
D. Nondurable Goods Manufacturing,1/1/2024,4822,227,-10.6,4.2,179,13.3,48,1.27,110,2.3,172,3.6
E. Wholesale and Retail Trade,1/1/2024,21772,936,14.0,4.6,940,-0.9,-4,1.00,530,2.4,808,3.6
F. Transportation and Utilities,1/1/2024,7102,351,37.1,4.3,378,22.7,-27,0.93,154,2.2,302,4.2
G. Information,1/1/2024,3020,156,129.4,5.5,177,37.2,-21,0.88,28,0.9,83,2.8
H. Financial Activities,1/1/2024,9229,214,25.1,2.1,482,15.6,-268,0.44,134,1.5,209,2.3
I. Professional and Business Services,1/1/2024,22930,816,2.8,4.3,1579,21.2,-763,0.52,594,2.6,1086,4.7
J. Education and Health Services,1/1/2024,25931,667,9.7,2.6,1956,46.1,-1289,0.34,540,2.1,872,3.4
K. Leisure and Hospitality,1/1/2024,16813,814,1.9,6.0,1003,10.3,-189,0.81,738,4.4,1068,6.4
L. Other Services,1/1/2024,5874,269,43.9,4.0,316,18.8,-47,0.85,125,2.1,210,3.6
M. Government Workers,1/1/2024,23136,402,15.5,1.8,1005,22.1,-603,0.40,203,0.9,403,1.7
A. Mining and Logging,2/1/2024,641,24,-42.9,4.2,29,52.6,-5,0.83,13,2.1,24,3.8
B. Construction,2/1/2024,8170,711,33.9,7.0,425,41.2,286,1.67,151,1.9,390,4.8
C. Durable Goods Manufacturing,2/1/2024,8141,270,-24.8,2.8,348,39.2,-78,0.78,134,1.6,220,2.7
D. Nondurable Goods Manufacturing,2/1/2024,4816,180,-29.1,3.4,248,57.0,-68,0.73,95,2.0,163,3.4
E. Wholesale and Retail Trade,2/1/2024,21792,926,12.8,4.7,753,-20.7,173,1.23,471,2.1,760,3.4
F. Transportation and Utilities,2/1/2024,7136,424,65.6,5.2,293,-4.9,131,1.45,186,2.6,247,3.5
G. Information,2/1/2024,3017,121,77.9,4.3,202,56.6,-81,0.60,53,1.7,81,2.7
H. Financial Activities,2/1/2024,9222,242,41.5,2.4,540,29.5,-298,0.45,121,1.3,207,2.2
I. Professional and Business Services,2/1/2024,22936,962,21.2,5.1,1570,20.5,-608,0.61,569,2.5,1088,4.7
J. Education and Health Services,2/1/2024,26011,587,-3.5,2.2,2049,53.0,-1462,0.29,523,2.0,862,3.3
K. Leisure and Hospitality,2/1/2024,16839,810,1.4,5.9,1123,23.5,-313,0.72,790,4.7,1053,6.3
L. Other Services,2/1/2024,5884,265,41.7,3.9,321,20.7,-56,0.83,145,2.5,214,3.6
M. Government Workers,2/1/2024,23191,373,7.2,1.7,846,2.8,-473,0.44,195,0.8,390,1.7
A. Mining and Logging,3/1/2024,643,17,-59.5,3.3,33,73.7,-16,0.52,12,1.8,20,3.2
B. Construction,3/1/2024,8207,570,7.3,5.4,456,51.5,114,1.25,152,1.9,400,4.9
C. Durable Goods Manufacturing,3/1/2024,8140,311,-13.4,3.1,379,51.6,-68,0.82,109,1.3,176,2.2
D. Nondurable Goods Manufacturing,3/1/2024,4811,158,-37.8,2.9,208,31.6,-50,0.76,92,1.9,148,3.1
E. Wholesale and Retail Trade,3/1/2024,21821,939,14.4,4.8,770,-18.9,169,1.22,577,2.6,839,3.7
F. Transportation and Utilities,3/1/2024,7121,401,56.6,4.9,301,-2.3,100,1.33,156,2.2,292,4.1
G. Information,3/1/2024,3019,96,41.2,3.6,126,-2.3,-30,0.76,50,1.7,89,3.0
H. Financial Activities,3/1/2024,9226,225,31.6,2.2,677,62.4,-452,0.33,132,1.4,193,2.1
I. Professional and Business Services,3/1/2024,22953,826,4.0,4.4,1526,17.1,-700,0.54,617,2.7,1092,4.8
J. Education and Health Services,3/1/2024,26087,611,0.5,2.3,1952,45.8,-1341,0.31,554,2.1,860,3.3
K. Leisure and Hospitality,3/1/2024,16893,746,-6.6,5.5,1143,25.7,-397,0.65,736,4.4,1060,6.3
L. Other Services,3/1/2024,5896,300,60.4,4.4,322,21.1,-22,0.93,143,2.4,214,3.6
M. Government Workers,3/1/2024,23269,372,6.9,1.7,919,11.7,-547,0.40,197,0.8,399,1.7
A. Mining and Logging,4/1/2024,638,8,-81.0,1.3,30,57.9,-22,0.27,12,1.9,20,3.1
B. Construction,4/1/2024,8202,555,4.5,5.2,346,15.0,209,1.60,156,1.9,374,4.6
C. Durable Goods Manufacturing,4/1/2024,8143,281,-21.7,2.9,355,42.0,-74,0.79,98,1.2,182,2.2
D. Nondurable Goods Manufacturing,4/1/2024,4815,134,-47.2,2.4,191,20.9,-57,0.70,87,1.8,137,2.9
E. Wholesale and Retail Trade,4/1/2024,21842,725,-11.7,3.8,704,-25.8,21,1.03,524,2.3,788,3.5
F. Transportation and Utilities,4/1/2024,7162,358,39.8,4.4,335,8.8,23,1.07,138,1.9,244,3.4
G. Information,4/1/2024,3016,128,88.2,5.0,152,17.8,-24,0.84,40,1.3,86,2.9
H. Financial Activities,4/1/2024,9233,280,63.7,2.7,494,18.5,-214,0.57,115,1.2,194,2.1
I. Professional and Business Services,4/1/2024,22936,746,-6.0,4.0,1390,6.7,-644,0.54,691,3.0,1113,4.9
J. Education and Health Services,4/1/2024,26185,559,-8.1,2.1,1908,42.5,-1349,0.29,563,2.2,876,3.4
K. Leisure and Hospitality,4/1/2024,16884,784,-1.9,5.7,1193,31.2,-409,0.66,721,4.3,1038,6.1
L. Other Services,4/1/2024,5900,235,25.7,3.5,299,12.4,-64,0.79,84,1.4,180,3.1
M. Government Workers,4/1/2024,23269,267,-23.3,1.2,957,16.3,-690,0.28,178,0.8,385,1.7
A. Mining and Logging,5/1/2024,634,19,-54.8,3.1,24,26.3,-5,0.79,13,2.1,15,2.3
B. Construction,5/1/2024,8215,406,-23.5,3.9,337,12.0,69,1.20,191,2.3,341,4.2
C. Durable Goods Manufacturing,5/1/2024,8142,188,-47.6,2.0,331,32.4,-143,0.57,132,1.6,232,2.8
D. Nondurable Goods Manufacturing,5/1/2024,4819,210,-17.3,3.9,157,-0.6,53,1.34,90,1.9,152,3.2
E. Wholesale and Retail Trade,5/1/2024,21848,718,-12.5,3.7,683,-28.0,35,1.05,553,2.5,849,3.7
F. Transportation and Utilities,5/1/2024,7189,413,61.3,5.0,334,8.4,79,1.24,145,2.0,286,4.0
G. Information,5/1/2024,3015,119,75.0,4.7,110,-14.7,9,1.08,39,1.3,80,2.7
H. Financial Activities,5/1/2024,9235,286,67.3,2.8,464,11.3,-178,0.62,99,1.1,197,2.1
I. Professional and Business Services,5/1/2024,22991,726,-8.6,3.7,1441,10.6,-715,0.50,509,2.2,1001,4.4
J. Education and Health Services,5/1/2024,26254,745,22.5,2.9,1770,32.2,-1025,0.42,597,2.3,897,3.4
K. Leisure and Hospitality,5/1/2024,16902,824,3.1,5.9,1068,17.5,-244,0.77,726,4.3,996,5.9
L. Other Services,5/1/2024,5907,219,17.1,3.4,293,10.2,-74,0.75,144,2.4,200,3.4
M. Government Workers,5/1/2024,23279,410,17.8,1.8,906,10.1,-496,0.45,214,0.9,370,1.6
A. Mining and Logging,6/1/2024,634,7,-83.3,1.3,26,36.8,-19,0.27,14,2.2,19,3.1
B. Construction,6/1/2024,8235,345,-35.0,3.3,366,21.6,-21,0.94,188,2.3,369,4.5
C. Durable Goods Manufacturing,6/1/2024,8129,278,-22.6,2.8,411,64.4,-133,0.68,129,1.6,213,2.6
D. Nondurable Goods Manufacturing,6/1/2024,4823,191,-24.8,3.6,175,10.8,16,1.09,86,1.8,141,2.9
E. Wholesale and Retail Trade,6/1/2024,21845,988,20.3,5.1,704,-25.8,284,1.40,577,2.6,810,3.6
F. Transportation and Utilities,6/1/2024,7212,378,47.7,4.5,344,11.7,34,1.10,147,2.0,279,3.9
G. Information,6/1/2024,3016,147,116.2,5.9,137,6.2,10,1.07,48,1.6,91,3.0
H. Financial Activities,6/1/2024,9245,274,60.2,2.7,467,12.0,-193,0.59,117,1.3,226,2.4
I. Professional and Business Services,6/1/2024,22993,738,-7.1,3.7,1512,16.0,-774,0.49,510,2.2,1089,4.7
J. Education and Health Services,6/1/2024,26333,823,35.4,3.1,1873,39.9,-1050,0.44,594,2.3,879,3.3
K. Leisure and Hospitality,6/1/2024,16903,743,-7.0,5.2,900,-1.0,-157,0.83,654,3.9,960,5.7
L. Other Services,6/1/2024,5919,263,40.6,3.9,278,4.5,-15,0.95,128,2.2,215,3.6
M. Government Workers,6/1/2024,23322,631,81.3,2.9,1038,26.1,-407,0.61,211,0.9,365,1.6
A. Mining and Logging,7/1/2024,633,31,-26.2,5.4,20,5.3,11,1.55,11,1.7,19,3.0
B. Construction,7/1/2024,8260,420,-20.9,3.9,295,-2.0,125,1.42,124,1.5,328,4.0
C. Durable Goods Manufacturing,7/1/2024,8129,298,-17.0,3.1,323,29.2,-25,0.92,129,1.6,202,2.5
D. Nondurable Goods Manufacturing,7/1/2024,4824,239,-5.9,4.5,164,3.8,75,1.46,84,1.7,144,3.0
E. Wholesale and Retail Trade,7/1/2024,21854,965,17.5,4.9,794,-16.3,171,1.22,562,2.5,839,3.7
F. Transportation and Utilities,7/1/2024,7225,432,68.8,5.1,406,31.8,26,1.06,152,2.1,287,4.0
G. Information,7/1/2024,2996,145,113.2,5.6,112,-13.2,33,1.29,39,1.3,81,2.7
H. Financial Activities,7/1/2024,9241,256,49.7,2.5,419,0.5,-163,0.61,136,1.5,219,2.4
I. Professional and Business Services,7/1/2024,22992,845,6.4,4.2,1485,14.0,-640,0.57,592,2.6,974,4.2
J. Education and Health Services,7/1/2024,26390,973,60.0,3.7,1787,33.5,-814,0.54,563,2.1,864,3.3
K. Leisure and Hospitality,7/1/2024,16926,811,1.5,5.5,1004,10.5,-193,0.81,606,3.6,815,4.8
L. Other Services,7/1/2024,5914,219,17.1,3.2,282,6.0,-63,0.78,134,2.3,211,3.6
M. Government Workers,7/1/2024,23339,762,119.0,3.5,1094,32.9,-332,0.70,150,0.6,357,1.5